<?xml version="1.0"?>
<!--<!DOCTYPE metadata SYSTEM "http://www.esri.com/metadata/esriprof80.dtd">-->
<metadata xml:lang="en"><Esri><CreaDate>20040710</CreaDate><CreaTime>15223900</CreaTime><SyncOnce>TRUE</SyncOnce><MetaID>{C8676E8E-6A72-44FF-854A-8FD06C6B7C62}</MetaID></Esri><idinfo><citation><citeinfo><onlink Sync="TRUE">\\PACKMAN\C$\Documents and Settings\Rob Farrell\My Documents\CSISS\SPACE\Nepal pop lab\gdanepal</onlink></citeinfo></citation></idinfo><distInfo><distributor><distorTran><onLineSrc><linkage Sync="TRUE">file://\\PACKMAN\C$\Documents and Settings\Rob Farrell\My Documents\CSISS\SPACE\Nepal pop lab\gdanepal</linkage><protocol Sync="TRUE">Local Area Network</protocol></onLineSrc></distorTran></distributor></distInfo><dataqual><lineage><procstep><procdesc Sync="TRUE">Dataset copied.</procdesc><srcused Sync="TRUE">C:\Documents and Settings\Rob Farrell\My Documents\CSISS\SPACE\matthews\gdanepal</srcused><date Sync="TRUE">20040710</date><time Sync="TRUE">15223900</time></procstep></lineage></dataqual></metadata>
